blktap,blktap
ffs,ffs
forkexecd,forkexecd
gpumon,gpumon
host-installer,host-installer
interface-rename,interface-rename
message-switch,message-switch
ocaml-netdev,netdev
ocaml-rrdd-plugin,ocaml-rrdd-plugin
ocaml-rrd-transport,rrd-transport
ocaml-tapctl,tapctl
ocaml-xcp-idl,xcp-idl
ocaml-xen-api-libs-transitional,xen-api-libs-transitional
ocaml-xenops,xenops
sm-cli,sm-cli
sm,sm
squeezed,squeezed
v6d,v6
vhd-tool,vhd-tool
vmss,vmss
vncterm,vncterm
wsproxy,wsproxy
xapi-storage,xapi-storage
xapi-storage-datapath-plugins,xapi-storage-datapath-plugins
xapi-storage-script,xapi-storage-script
xapi,xen-api
xcp-networkd,xcp-networkd
xcp-python-libs,xcp-python-libs
xcp-rrdd,xcp-rrdd
xenops-cli,xenops-cli
xenopsd,xenopsd
xen,xen
xha,xha
xsconsole,xsconsole
xsifstat,xsifstat
xsiostat,xsiostat
